model,A4_HUMAN_Seuma_2022_all,A4_HUMAN_Seuma_2022_1std,A4_HUMAN_Seuma_2022_2std,AMFR_HUMAN_Tsuboyama_2023_4G3O_all,AMFR_HUMAN_Tsuboyama_2023_4G3O_1std,AMFR_HUMAN_Tsuboyama_2023_4G3O_2std,BBC1_YEAST_Tsuboyama_2023_1TG0_all,BBC1_YEAST_Tsuboyama_2023_1TG0_1std,BBC1_YEAST_Tsuboyama_2023_1TG0_2std,BCHB_CHLTE_Tsuboyama_2023_2KRU_all,BCHB_CHLTE_Tsuboyama_2023_2KRU_1std,BCHB_CHLTE_Tsuboyama_2023_2KRU_2std,CAPSD_AAV2S_Sinai_2021_all,CAPSD_AAV2S_Sinai_2021_1std,CAPSD_AAV2S_Sinai_2021_2std,CATR_CHLRE_Tsuboyama_2023_2AMI_all,CATR_CHLRE_Tsuboyama_2023_2AMI_1std,CATR_CHLRE_Tsuboyama_2023_2AMI_2std,CBPA2_HUMAN_Tsuboyama_2023_1O6X_all,CBPA2_HUMAN_Tsuboyama_2023_1O6X_1std,CBPA2_HUMAN_Tsuboyama_2023_1O6X_2std,CBX4_HUMAN_Tsuboyama_2023_2K28_all,CBX4_HUMAN_Tsuboyama_2023_2K28_1std,CBX4_HUMAN_Tsuboyama_2023_2K28_2std,CSN4_MOUSE_Tsuboyama_2023_1UFM_all,CSN4_MOUSE_Tsuboyama_2023_1UFM_1std,CSN4_MOUSE_Tsuboyama_2023_1UFM_2std,CUE1_YEAST_Tsuboyama_2023_2MYX_all,CUE1_YEAST_Tsuboyama_2023_2MYX_1std,CUE1_YEAST_Tsuboyama_2023_2MYX_2std,D7PM05_CLYGR_Somermeyer_2022_all,D7PM05_CLYGR_Somermeyer_2022_1std,D7PM05_CLYGR_Somermeyer_2022_2std,DLG4_HUMAN_Faure_2021_all,DLG4_HUMAN_Faure_2021_1std,DLG4_HUMAN_Faure_2021_2std,DNJA1_HUMAN_Tsuboyama_2023_2LO1_all,DNJA1_HUMAN_Tsuboyama_2023_2LO1_1std,DNJA1_HUMAN_Tsuboyama_2023_2LO1_2std,DOCK1_MOUSE_Tsuboyama_2023_2M0Y_all,DOCK1_MOUSE_Tsuboyama_2023_2M0Y_1std,DOCK1_MOUSE_Tsuboyama_2023_2M0Y_2std,EPHB2_HUMAN_Tsuboyama_2023_1F0M_all,EPHB2_HUMAN_Tsuboyama_2023_1F0M_1std,EPHB2_HUMAN_Tsuboyama_2023_1F0M_2std,F7YBW7_MESOW_Ding_2023_all,F7YBW7_MESOW_Ding_2023_1std,F7YBW7_MESOW_Ding_2023_2std,F7YBW8_MESOW_Aakre_2015_all,F7YBW8_MESOW_Aakre_2015_1std,F7YBW8_MESOW_Aakre_2015_2std,FECA_ECOLI_Tsuboyama_2023_2D1U_all,FECA_ECOLI_Tsuboyama_2023_2D1U_1std,FECA_ECOLI_Tsuboyama_2023_2D1U_2std,GCN4_YEAST_Staller_2018_all,GCN4_YEAST_Staller_2018_1std,GCN4_YEAST_Staller_2018_2std,GFP_AEQVI_Sarkisyan_2016_all,GFP_AEQVI_Sarkisyan_2016_1std,GFP_AEQVI_Sarkisyan_2016_2std,GRB2_HUMAN_Faure_2021_all,GRB2_HUMAN_Faure_2021_1std,GRB2_HUMAN_Faure_2021_2std,HECD1_HUMAN_Tsuboyama_2023_3DKM_all,HECD1_HUMAN_Tsuboyama_2023_3DKM_1std,HECD1_HUMAN_Tsuboyama_2023_3DKM_2std,HIS7_YEAST_Pokusaeva_2019_all,HIS7_YEAST_Pokusaeva_2019_1std,HIS7_YEAST_Pokusaeva_2019_2std,ISDH_STAAW_Tsuboyama_2023_2LHR_all,ISDH_STAAW_Tsuboyama_2023_2LHR_1std,ISDH_STAAW_Tsuboyama_2023_2LHR_2std,MAFG_MOUSE_Tsuboyama_2023_1K1V_all,MAFG_MOUSE_Tsuboyama_2023_1K1V_1std,MAFG_MOUSE_Tsuboyama_2023_1K1V_2std,MBD11_ARATH_Tsuboyama_2023_6ACV_all,MBD11_ARATH_Tsuboyama_2023_6ACV_1std,MBD11_ARATH_Tsuboyama_2023_6ACV_2std,MYO3_YEAST_Tsuboyama_2023_2BTT_all,MYO3_YEAST_Tsuboyama_2023_2BTT_1std,MYO3_YEAST_Tsuboyama_2023_2BTT_2std,NKX31_HUMAN_Tsuboyama_2023_2L9R_all,NKX31_HUMAN_Tsuboyama_2023_2L9R_1std,NKX31_HUMAN_Tsuboyama_2023_2L9R_2std,NUSA_ECOLI_Tsuboyama_2023_1WCL_all,NUSA_ECOLI_Tsuboyama_2023_1WCL_1std,NUSA_ECOLI_Tsuboyama_2023_1WCL_2std,NUSG_MYCTU_Tsuboyama_2023_2MI6_all,NUSG_MYCTU_Tsuboyama_2023_2MI6_1std,NUSG_MYCTU_Tsuboyama_2023_2MI6_2std,OBSCN_HUMAN_Tsuboyama_2023_1V1C_all,OBSCN_HUMAN_Tsuboyama_2023_1V1C_1std,OBSCN_HUMAN_Tsuboyama_2023_1V1C_2std,ODP2_GEOSE_Tsuboyama_2023_1W4G_all,ODP2_GEOSE_Tsuboyama_2023_1W4G_1std,ODP2_GEOSE_Tsuboyama_2023_1W4G_2std,PABP_YEAST_Melamed_2013_all,PABP_YEAST_Melamed_2013_1std,PABP_YEAST_Melamed_2013_2std,PHOT_CHLRE_Chen_2023_all,PHOT_CHLRE_Chen_2023_1std,PHOT_CHLRE_Chen_2023_2std,PIN1_HUMAN_Tsuboyama_2023_1I6C_all,PIN1_HUMAN_Tsuboyama_2023_1I6C_1std,PIN1_HUMAN_Tsuboyama_2023_1I6C_2std,PITX2_HUMAN_Tsuboyama_2023_2L7M_all,PITX2_HUMAN_Tsuboyama_2023_2L7M_1std,PITX2_HUMAN_Tsuboyama_2023_2L7M_2std,POLG_PESV_Tsuboyama_2023_2MXD_all,POLG_PESV_Tsuboyama_2023_2MXD_1std,POLG_PESV_Tsuboyama_2023_2MXD_2std,PR40A_HUMAN_Tsuboyama_2023_1UZC_all,PR40A_HUMAN_Tsuboyama_2023_1UZC_1std,PR40A_HUMAN_Tsuboyama_2023_1UZC_2std,PSAE_SYNP2_Tsuboyama_2023_1PSE_all,PSAE_SYNP2_Tsuboyama_2023_1PSE_1std,PSAE_SYNP2_Tsuboyama_2023_1PSE_2std,Q6WV13_9MAXI_Somermeyer_2022_all,Q6WV13_9MAXI_Somermeyer_2022_1std,Q6WV13_9MAXI_Somermeyer_2022_2std,Q8WTC7_9CNID_Somermeyer_2022_all,Q8WTC7_9CNID_Somermeyer_2022_1std,Q8WTC7_9CNID_Somermeyer_2022_2std,RAD_ANTMA_Tsuboyama_2023_2CJJ_all,RAD_ANTMA_Tsuboyama_2023_2CJJ_1std,RAD_ANTMA_Tsuboyama_2023_2CJJ_2std,RASK_HUMAN_Weng_2022_abundance_all,RASK_HUMAN_Weng_2022_abundance_1std,RASK_HUMAN_Weng_2022_abundance_2std,RASK_HUMAN_Weng_2022_binding-DARPin_K55_all,RASK_HUMAN_Weng_2022_binding-DARPin_K55_1std,RASK_HUMAN_Weng_2022_binding-DARPin_K55_2std,RBP1_HUMAN_Tsuboyama_2023_2KWH_all,RBP1_HUMAN_Tsuboyama_2023_2KWH_1std,RBP1_HUMAN_Tsuboyama_2023_2KWH_2std,RCD1_ARATH_Tsuboyama_2023_5OAO_all,RCD1_ARATH_Tsuboyama_2023_5OAO_1std,RCD1_ARATH_Tsuboyama_2023_5OAO_2std,RCRO_LAMBD_Tsuboyama_2023_1ORC_all,RCRO_LAMBD_Tsuboyama_2023_1ORC_1std,RCRO_LAMBD_Tsuboyama_2023_1ORC_2std,RD23A_HUMAN_Tsuboyama_2023_1IFY_all,RD23A_HUMAN_Tsuboyama_2023_1IFY_1std,RD23A_HUMAN_Tsuboyama_2023_1IFY_2std,RFAH_ECOLI_Tsuboyama_2023_2LCL_all,RFAH_ECOLI_Tsuboyama_2023_2LCL_1std,RFAH_ECOLI_Tsuboyama_2023_2LCL_2std,RL20_AQUAE_Tsuboyama_2023_1GYZ_all,RL20_AQUAE_Tsuboyama_2023_1GYZ_1std,RL20_AQUAE_Tsuboyama_2023_1GYZ_2std,RPC1_BP434_Tsuboyama_2023_1R69_all,RPC1_BP434_Tsuboyama_2023_1R69_1std,RPC1_BP434_Tsuboyama_2023_1R69_2std,SAV1_MOUSE_Tsuboyama_2023_2YSB_all,SAV1_MOUSE_Tsuboyama_2023_2YSB_1std,SAV1_MOUSE_Tsuboyama_2023_2YSB_2std,SDA_BACSU_Tsuboyama_2023_1PV0_all,SDA_BACSU_Tsuboyama_2023_1PV0_1std,SDA_BACSU_Tsuboyama_2023_1PV0_2std,SPA_STAAU_Tsuboyama_2023_1LP1_all,SPA_STAAU_Tsuboyama_2023_1LP1_1std,SPA_STAAU_Tsuboyama_2023_1LP1_2std,SPG1_STRSG_Olson_2014_all,SPG1_STRSG_Olson_2014_1std,SPG1_STRSG_Olson_2014_2std,SPG1_STRSG_Wu_2016_all,SPG1_STRSG_Wu_2016_1std,SPG1_STRSG_Wu_2016_2std,SPG2_STRSG_Tsuboyama_2023_5UBS_all,SPG2_STRSG_Tsuboyama_2023_5UBS_1std,SPG2_STRSG_Tsuboyama_2023_5UBS_2std,SPTN1_CHICK_Tsuboyama_2023_1TUD_all,SPTN1_CHICK_Tsuboyama_2023_1TUD_1std,SPTN1_CHICK_Tsuboyama_2023_1TUD_2std,SR43C_ARATH_Tsuboyama_2023_2N88_all,SR43C_ARATH_Tsuboyama_2023_2N88_1std,SR43C_ARATH_Tsuboyama_2023_2N88_2std,SRBS1_HUMAN_Tsuboyama_2023_2O2W_all,SRBS1_HUMAN_Tsuboyama_2023_2O2W_1std,SRBS1_HUMAN_Tsuboyama_2023_2O2W_2std,TCRG1_MOUSE_Tsuboyama_2023_1E0L_all,TCRG1_MOUSE_Tsuboyama_2023_1E0L_1std,TCRG1_MOUSE_Tsuboyama_2023_1E0L_2std,THO1_YEAST_Tsuboyama_2023_2WQG_all,THO1_YEAST_Tsuboyama_2023_2WQG_1std,THO1_YEAST_Tsuboyama_2023_2WQG_2std,TNKS2_HUMAN_Tsuboyama_2023_5JRT_all,TNKS2_HUMAN_Tsuboyama_2023_5JRT_1std,TNKS2_HUMAN_Tsuboyama_2023_5JRT_2std,UBE4B_HUMAN_Tsuboyama_2023_3L1X_all,UBE4B_HUMAN_Tsuboyama_2023_3L1X_1std,UBE4B_HUMAN_Tsuboyama_2023_3L1X_2std,UBR5_HUMAN_Tsuboyama_2023_1I2T_all,UBR5_HUMAN_Tsuboyama_2023_1I2T_1std,UBR5_HUMAN_Tsuboyama_2023_1I2T_2std,VILI_CHICK_Tsuboyama_2023_1YU5_all,VILI_CHICK_Tsuboyama_2023_1YU5_1std,VILI_CHICK_Tsuboyama_2023_1YU5_2std,YAIA_ECOLI_Tsuboyama_2023_2KVT_all,YAIA_ECOLI_Tsuboyama_2023_2KVT_1std,YAIA_ECOLI_Tsuboyama_2023_2KVT_2std,YAP1_HUMAN_Araya_2012_all,YAP1_HUMAN_Araya_2012_1std,YAP1_HUMAN_Araya_2012_2std,YNZC_BACSU_Tsuboyama_2023_2JVD_all,YNZC_BACSU_Tsuboyama_2023_2JVD_1std,YNZC_BACSU_Tsuboyama_2023_2JVD_2std,category
CARP_carp_76M_carp_76M_score,0.36,0.19,0.38,-0.28,0.05,-0.22,-0.06,0.07,0.52,0.03,0.1,0.16,0.11,0.0,-0.08,0.53,0.38,0.11,0.3,0.63,0.5,0.47,0.38,0.19,0.42,0.55,0.06,0.17,0.17,0.14,0.03,0.03,-0.01,0.57,0.53,0.58,0.65,0.6,-0.09,0.33,0.35,0.15,0.16,0.38,0.67,,,,-0.05,0.09,0.16,0.43,0.17,0.01,0.12,,,0.04,0.0,0.01,0.57,0.46,0.48,0.06,0.14,0.33,0.02,-0.11,0.18,0.33,0.39,0.64,-0.16,0.07,-0.14,0.1,0.3,0.07,0.26,-0.08,-0.21,0.01,0.06,0.09,0.45,0.54,0.33,0.39,0.31,0.02,0.66,0.74,0.64,-0.03,-0.17,0.4,0.66,0.11,0.08,0.64,0.38,0.31,0.32,0.76,0.75,-0.35,-0.11,-0.44,0.11,0.12,0.19,0.31,0.39,0.41,,,,,,,-0.03,0.06,-0.1,0.43,0.4,0.5,0.26,0.07,0.01,0.63,0.72,0.5,0.14,-0.13,-0.85,-0.37,-0.25,-0.76,0.09,-0.28,-0.7,0.6,0.6,-1.0,-0.36,-0.48,-0.93,0.42,0.66,0.84,0.3,0.26,0.07,0.05,0.32,0.8,-0.1,-0.05,-0.03,-0.23,-0.2,0.11,0.0,-0.08,-0.09,-0.03,0.03,0.07,-0.2,-0.23,-0.45,0.49,0.57,0.58,0.26,0.1,0.1,0.31,0.73,0.8,0.57,0.78,0.76,0.24,-0.18,0.14,0.24,0.03,,0.14,0.39,-0.33,0.27,0.38,0.43,-0.1,-0.02,-0.05,0.25,0.51,0.66,0.48,0.09,0.05,0.37,0.3,0.16,CARP
DeepSequence_evol_indices_seed_1000,-0.44,-0.32,-0.44,-0.13,-0.23,-0.05,0.07,-0.12,-0.66,-0.42,-0.37,-0.44,-0.32,-0.43,-0.5,-0.07,-0.11,-0.12,-0.43,-0.8,-0.43,-0.43,-0.17,-0.02,-0.07,-0.22,0.5,-0.25,-0.03,0.08,-0.61,-0.41,-0.32,-0.62,-0.55,-0.53,-0.39,-0.62,-0.2,-0.19,-0.4,-0.16,-0.06,-0.44,-0.71,,,,-0.39,-0.51,-0.48,-0.34,-0.15,-0.06,-0.24,,,-0.67,-0.43,0.04,-0.5,-0.43,-0.42,0.02,-0.22,-0.47,-0.56,-0.03,-0.19,-0.13,-0.32,-0.57,-0.37,-0.11,0.05,-0.32,-0.53,-0.22,-0.21,-0.04,0.11,-0.12,0.01,0.12,-0.49,-0.51,-0.35,-0.36,-0.27,0.48,-0.63,-0.74,-0.66,0.03,0.23,-0.3,-0.54,-0.14,-0.09,-0.73,-0.54,-0.48,-0.38,-0.84,-0.86,-0.33,-0.6,-0.67,-0.17,0.16,0.14,-0.32,-0.63,-0.8,,,,,,,-0.21,-0.31,-0.14,-0.4,-0.71,-0.5,-0.34,-0.11,-0.1,-0.58,-0.6,-0.29,0.2,0.21,0.83,0.32,0.26,0.35,-0.23,0.3,0.31,-0.48,-0.32,1.0,0.5,0.41,0.61,-0.52,-0.61,-0.83,-0.54,-0.28,0.01,-0.1,-0.21,-0.8,-0.15,-0.21,-0.19,-0.2,-0.32,-0.18,0.0,0.03,-0.0,-0.05,-0.05,-0.07,0.31,-0.31,0.02,-0.6,-0.62,-0.64,-0.5,0.04,-0.09,-0.36,-0.76,-0.8,-0.57,-0.78,-0.73,0.11,-0.06,-0.06,-0.16,-0.09,,-0.3,-0.53,0.12,-0.41,-0.51,-0.72,-0.03,0.06,0.35,-0.21,-0.54,-0.68,-0.47,-0.08,-0.06,-0.17,-0.11,-0.06,DeepSequence
ESM-IF1_esmif1_ll,-0.19,-0.11,-0.19,0.15,0.36,0.16,0.43,0.6,0.14,0.54,0.29,0.34,0.35,0.21,0.02,0.59,0.51,0.38,0.35,0.6,-0.02,0.17,0.39,0.47,0.47,0.23,-0.53,0.43,-0.02,0.22,0.49,0.42,0.32,0.66,0.5,0.48,0.15,0.37,-0.4,0.02,0.1,-0.17,0.46,0.21,0.48,,,,0.06,0.25,0.3,0.34,-0.13,-0.08,0.19,,,0.71,0.53,0.3,0.69,0.59,0.59,0.19,0.59,0.64,0.53,0.13,0.03,0.24,-0.29,-0.37,0.13,0.14,0.18,0.56,0.63,0.66,0.34,0.64,0.42,0.17,0.04,0.02,0.55,0.67,0.4,0.56,0.56,0.5,0.67,0.79,0.6,0.25,0.04,0.4,0.51,0.04,-0.01,0.67,0.41,0.39,0.25,0.84,0.82,0.42,0.51,0.83,0.52,0.61,0.6,0.62,0.6,0.67,,,,,,,0.28,0.25,0.34,0.39,0.48,0.5,0.36,0.09,0.03,0.55,0.65,0.39,0.29,0.08,-0.67,-0.15,-0.3,-0.45,0.58,0.37,-0.01,0.47,0.72,1.0,0.04,-0.12,-0.46,0.58,0.75,0.63,0.32,0.28,0.15,0.31,0.4,1.0,0.14,0.14,0.14,0.39,0.31,0.2,0.42,0.23,0.38,0.18,-0.09,-0.07,0.31,0.32,0.31,0.39,0.54,0.63,0.39,0.09,0.18,0.47,0.75,1.0,0.63,0.83,0.8,0.23,-0.2,-0.26,-0.05,-0.18,,0.31,0.46,-0.04,0.64,0.66,0.93,0.6,0.28,-0.1,0.32,0.28,0.37,0.38,0.03,0.06,0.32,0.31,0.32,ESM-IF1
ESM1b_esm1b_t33_650M_UR50S,0.28,0.18,0.41,0.05,0.02,-0.19,-0.1,-0.0,0.6,0.11,0.17,0.15,0.18,0.57,0.52,0.65,0.59,0.46,0.43,0.44,0.49,0.27,0.04,-0.2,0.2,0.27,-0.3,0.36,0.29,0.12,0.42,0.21,0.03,0.55,0.49,0.53,0.44,0.51,-0.06,0.32,0.52,0.25,0.23,0.42,0.71,,,,0.43,0.59,0.58,0.39,0.14,0.25,0.23,,,0.52,-0.07,-0.62,0.53,0.44,0.45,-0.08,0.04,0.08,0.47,0.14,-0.3,0.4,0.49,0.74,-0.04,0.05,0.16,0.26,0.58,0.42,0.49,0.47,0.23,0.16,0.09,-0.05,0.49,0.51,0.37,0.2,0.21,-0.02,0.48,0.55,0.36,0.04,-0.14,0.4,0.69,0.13,0.07,0.64,0.54,0.57,0.36,0.76,0.71,0.08,0.43,0.52,0.08,0.13,0.22,0.12,-0.06,-0.46,,,,,,,0.21,0.51,0.46,0.33,0.64,0.5,0.24,0.07,0.02,0.57,0.59,0.34,0.26,-0.05,-0.83,-0.33,-0.49,-0.72,0.09,-0.21,-0.55,0.15,0.3,-1.0,-0.48,-0.13,-0.43,0.47,0.77,0.88,0.22,0.18,-0.04,0.09,0.27,0.4,0.11,0.21,0.35,-0.2,-0.14,0.14,0.3,0.15,0.18,0.12,-0.03,-0.0,-0.09,-0.25,-0.45,0.49,0.59,0.64,0.5,0.25,0.4,0.32,0.5,0.6,0.51,0.76,0.73,-0.2,-0.15,0.16,0.19,0.16,,0.14,0.32,-0.31,0.48,0.64,0.58,0.11,-0.07,-0.3,0.25,0.61,0.65,0.34,-0.01,0.03,0.35,0.41,0.38,ESM1b
ESM1v_esm1v_t33_650M_UR90S_4,0.3,0.21,0.32,0.23,0.26,0.06,-0.05,0.16,0.73,0.08,0.06,0.06,0.23,0.08,0.03,0.57,0.52,0.23,0.38,0.62,0.69,0.35,0.3,0.1,0.31,0.27,-0.48,0.37,0.07,0.18,0.07,0.03,-0.01,0.62,0.55,0.55,0.62,0.59,0.07,0.37,0.54,0.32,0.14,0.56,0.83,,,,0.38,0.5,0.49,0.29,0.3,0.3,0.27,,,0.08,-0.04,-0.11,0.47,0.37,0.39,0.03,0.45,0.68,0.42,0.07,0.1,0.34,0.49,0.69,-0.13,0.04,0.0,0.26,0.37,0.09,0.41,0.06,-0.07,0.14,0.14,0.04,0.43,0.54,0.31,0.35,0.3,0.0,0.61,0.77,0.65,-0.02,-0.15,-0.5,0.66,0.13,0.07,0.78,0.52,0.48,0.22,0.5,-0.07,-0.16,0.11,0.04,0.03,-0.11,-0.11,0.34,0.46,0.63,,,,,,,-0.02,0.1,-0.03,0.4,0.6,0.5,0.25,0.06,0.03,0.58,0.63,0.36,0.16,-0.05,-0.82,-0.39,-0.37,-0.65,-0.03,0.06,-0.15,0.48,0.63,1.0,-0.48,-0.33,-0.82,0.41,0.59,0.75,0.31,0.04,-0.05,0.09,0.49,0.8,-0.32,-0.45,-0.28,-0.28,-0.24,0.13,0.17,0.12,0.06,0.07,-0.02,0.01,-0.2,-0.24,-0.51,0.52,0.6,0.59,0.32,-0.04,0.07,0.26,0.69,0.8,0.59,0.8,0.74,0.08,-0.32,0.09,0.06,0.14,,0.19,0.48,0.01,0.19,0.36,-0.02,0.4,0.3,-0.03,0.29,0.62,0.73,0.21,-0.12,-0.08,0.37,0.33,0.25,ESM1v
ESM2_150M_esm2_t30_150M_UR50D,0.37,0.22,0.37,-0.08,0.19,-0.1,0.0,-0.03,0.58,0.14,0.2,0.23,0.2,0.1,0.01,0.74,0.64,0.49,0.32,0.68,0.36,0.39,0.46,0.18,0.17,0.31,-0.43,0.34,0.23,0.21,0.03,0.03,-0.01,0.73,0.6,0.61,0.42,0.53,0.04,0.33,0.52,0.26,0.26,0.46,0.74,,,,0.04,0.38,0.4,0.39,0.12,-0.04,0.26,,,0.1,-0.04,-0.12,0.62,0.49,0.51,0.21,0.32,0.43,0.44,0.03,0.09,0.36,0.55,0.76,-0.15,0.04,-0.38,0.41,0.65,0.54,0.55,0.44,0.2,0.3,0.07,-0.01,0.47,0.62,0.44,0.24,0.29,-0.14,0.72,0.79,0.64,0.01,-0.14,0.4,0.65,0.08,0.02,0.71,0.47,0.41,0.35,0.81,0.64,0.42,0.77,0.87,-0.01,-0.05,-0.02,0.54,0.64,0.6,,,,,,,-0.02,0.11,-0.07,0.15,0.52,0.5,0.3,0.12,0.1,0.59,0.68,0.47,0.19,-0.01,-0.7,-0.35,-0.5,-0.66,0.14,-0.09,-0.36,0.56,0.7,1.0,-0.55,-0.4,-0.93,0.48,0.79,0.83,0.31,0.34,0.07,-0.02,0.31,0.8,0.15,0.25,0.1,-0.29,-0.22,0.11,0.26,0.14,0.2,0.12,-0.03,0.01,-0.29,-0.25,-0.51,0.48,0.64,0.64,0.46,0.14,0.18,0.41,0.77,0.8,0.58,0.77,0.71,-0.1,-0.06,0.13,0.07,-0.04,,0.28,0.55,0.04,0.08,0.1,-0.17,0.04,0.1,-0.03,0.32,0.65,0.68,0.45,0.05,-0.01,0.25,0.29,0.37,ESM2
EVE_evol_indices_seed_3000,-0.29,-0.17,-0.34,-0.08,-0.21,0.02,0.03,-0.15,-0.7,-0.43,-0.4,-0.43,-0.33,-0.61,-0.53,-0.14,-0.1,-0.07,-0.4,-0.78,-0.38,-0.44,-0.36,-0.09,-0.18,-0.32,0.32,-0.25,-0.07,-0.01,-0.62,-0.4,-0.28,-0.62,-0.57,-0.53,-0.4,-0.64,-0.2,-0.37,-0.57,-0.32,-0.08,-0.42,-0.7,,,,-0.41,-0.53,-0.51,-0.33,-0.2,-0.02,-0.23,,,-0.68,-0.48,-0.08,-0.56,-0.48,-0.48,0.03,-0.33,-0.62,-0.52,-0.05,-0.06,-0.12,-0.31,-0.55,-0.37,-0.04,-0.05,-0.47,-0.72,-0.61,-0.26,-0.2,-0.0,-0.12,-0.02,0.09,-0.51,-0.5,-0.39,-0.39,-0.36,-0.19,-0.64,-0.78,-0.7,-0.02,0.18,0.0,-0.66,-0.14,-0.07,-0.21,-0.36,-0.38,-0.42,-0.8,-0.75,-0.35,-0.62,-0.61,-0.22,0.18,0.06,-0.39,-0.67,-0.79,,,,,,,-0.29,-0.32,-0.13,-0.42,-0.86,-0.5,-0.32,-0.1,-0.09,-0.56,-0.59,-0.29,0.19,0.2,0.83,0.28,0.33,0.42,-0.32,0.27,0.61,-0.5,-0.37,1.0,0.45,0.25,0.64,-0.55,-0.59,-0.87,0.45,-0.48,-0.64,-0.1,-0.27,-0.8,-0.23,-0.3,-0.31,-0.27,-0.39,-0.24,-0.3,-0.18,-0.05,-0.04,-0.05,-0.05,0.05,-0.33,-0.41,-0.52,-0.57,-0.61,-0.43,0.02,-0.07,-0.42,-0.76,-0.8,-0.57,-0.78,-0.72,0.09,-0.01,-0.08,-0.05,-0.03,,-0.32,-0.56,0.06,-0.42,-0.57,-0.83,-0.01,0.09,0.33,-0.36,-0.58,-0.63,-0.45,-0.07,-0.06,-0.25,-0.17,-0.18,EVE
EVmutation_prediction_epistatic,0.38,0.25,0.43,0.13,0.26,0.09,-0.02,0.33,0.53,0.44,0.39,0.45,0.35,0.6,0.51,0.04,0.18,0.03,0.42,0.68,0.43,0.17,0.18,0.16,0.28,0.31,-0.35,0.24,0.09,0.01,0.62,0.41,0.24,0.62,0.57,0.56,0.5,0.74,0.46,0.29,0.49,0.25,0.24,0.3,0.56,,,,0.39,0.44,0.43,0.3,0.38,0.31,0.24,,,0.64,0.28,-0.41,0.51,0.44,0.44,0.04,0.24,0.5,0.54,0.05,-0.02,0.16,0.23,0.46,0.3,0.17,0.06,0.4,0.65,0.53,0.12,0.27,0.06,0.23,0.05,0.08,0.48,0.42,0.25,0.42,0.28,-0.2,0.61,0.68,0.54,-0.07,-0.27,-0.67,0.63,0.13,0.05,0.43,0.5,0.49,0.39,0.81,0.93,0.37,0.65,0.9,0.25,0.09,0.25,0.16,0.22,0.1,,,,,,,0.36,0.31,0.12,0.43,0.33,0.5,0.2,0.0,-0.03,0.42,0.39,0.13,-0.14,-0.17,-0.82,-0.35,-0.36,-0.22,0.39,-0.34,-0.63,0.3,0.15,-1.0,-0.35,-0.39,-0.86,0.45,0.58,0.82,0.61,0.17,0.15,0.16,0.38,0.8,0.23,0.24,0.31,0.11,0.24,0.18,0.28,0.16,0.06,0.02,0.02,0.03,-0.08,0.16,0.5,0.48,0.51,0.59,0.52,0.2,0.2,0.42,0.81,0.8,0.58,0.79,0.72,-0.14,0.05,0.01,0.38,0.25,,0.29,0.53,-0.13,0.43,0.44,0.47,-0.07,0.0,-0.26,0.3,0.52,0.7,0.33,0.06,0.05,0.28,0.2,0.2,EVmutation
GEMME_GEMME_score,0.47,0.26,0.42,0.1,0.25,0.14,-0.12,-0.04,0.51,0.66,0.58,0.31,0.45,0.58,0.44,0.44,0.17,-0.15,0.45,0.77,-0.04,0.23,0.15,0.1,0.25,0.28,-0.33,0.19,0.02,0.1,0.61,0.36,0.15,0.61,0.54,0.46,0.5,0.72,0.41,0.35,0.6,0.42,0.26,0.42,0.35,,,,0.37,0.54,0.49,0.31,0.18,0.09,0.22,,,0.68,0.41,-0.2,0.5,0.45,0.44,-0.08,0.19,0.29,0.52,0.15,-0.11,0.08,0.21,0.39,0.4,0.2,0.1,0.37,0.6,0.5,0.12,0.12,-0.02,0.19,0.11,-0.2,0.58,0.57,0.53,0.36,0.37,0.05,0.54,0.75,0.67,-0.03,-0.17,0.36,0.68,0.13,0.07,0.58,0.44,0.47,0.3,0.53,0.25,0.23,0.53,0.79,0.33,0.34,0.44,0.29,0.47,0.52,,,,,,,0.36,0.45,0.39,0.2,0.74,0.5,0.34,0.05,0.05,0.54,0.62,0.3,0.04,-0.03,-0.3,-0.14,-0.3,-0.46,0.22,-0.38,-0.67,0.33,0.52,1.0,-0.29,-0.14,-0.11,0.61,0.71,0.71,0.45,0.26,0.25,0.04,0.25,0.8,0.2,0.31,0.31,0.14,0.24,0.31,0.28,0.16,0.08,0.1,-0.08,-0.08,0.01,0.23,0.72,0.49,0.55,0.6,0.45,0.01,0.22,0.34,0.7,0.8,0.54,0.78,0.81,-0.14,-0.05,0.01,-0.1,0.14,,0.32,0.46,-0.08,0.45,0.56,0.72,0.01,-0.03,-0.13,0.37,0.73,0.76,0.34,-0.0,0.01,0.24,0.17,0.25,GEMME
LinearRegression,0.8410429068160745,0.88,0.87,0.6381942598342372,0.79,0.7,0.6146231068191819,0.88,0.69,0.9047708901368838,0.88,0.57,0.2884755519975828,-0.35,-0.24,0.8699432697254728,0.84,0.69,0.7667209200302083,0.85,0.14,0.5648812088172551,0.84,0.89,0.7947176264669437,0.88,0.88,0.6603783540534373,0.45,0.11,0.634790855982085,0.19,0.26,0.8390177022967265,0.68,0.69,0.7510521697063909,0.88,0.75,0.6848893773037027,0.84,0.76,0.5426201233794757,0.74,0.81,0.3082737897072873,0.53,0.93,0.2908447339051023,-0.0,0.03,0.7724847723411316,0.84,0.93,-0.1068464512168099,,0.0,0.4182666311936551,0.44,0.63,0.8619298899137307,0.91,0.91,0.6488730191549659,0.93,0.93,0.1222582621717031,0.02,0.21,0.8460878528711894,0.93,0.93,0.6914354361903043,0.87,0.86,0.7082868736154685,0.95,0.91,0.7745596420912045,0.92,0.87,0.6268080908553245,0.53,0.39,0.885886656076665,0.96,0.95,0.7249593159986327,0.73,0.67,0.8972260522436157,0.87,0.69,0.8350153511715854,0.94,1.0,0.901073989723354,0.48,0.38,-0.1347180648847059,-0.16,-0.26,0.6507899896205744,0.85,0.86,0.6859706271768778,0.91,0.89,0.8172386660249619,0.94,0.93,0.4954861898962922,0.82,0.8,0.5232450353269186,0.75,0.83,0.8021760659325309,0.51,0.3,0.6558069825736385,0.1,0.4,0.3068658413859033,0.57,1.0,0.8411360056083969,0.86,0.89,0.9484797585423214,0.92,0.79,0.8476597342847755,0.83,0.87,0.1233772371075505,0.22,0.79,0.892220922454999,0.86,0.79,0.8023280376221552,0.93,1.0,0.7296260290570312,0.75,0.54,0.7753815293537549,0.81,0.84,0.3009594324073747,0.55,0.3,0.3810451422774913,0.71,0.4,0.6841852504047262,0.85,0.87,0.6076005888222946,0.82,0.76,0.958361571108564,0.93,0.85,0.2145306586324185,0.21,0.19,0.807113806200882,0.79,0.89,0.8819628348341145,0.85,0.88,0.8038308452754994,0.86,0.84,0.8626828641063257,0.96,0.8,0.7574218288288106,0.94,0.93,0.4207294146389931,0.71,0.57,0.8563214520745014,0.77,,0.6367513746420381,0.82,0.34,0.901300425867426,0.95,0.97,0.688864979851738,0.81,0.66,0.7367852250834644,0.85,0.94,0.701649121572001,0.38,0.33,0.4515098835995932,0.71,0.78,LinearRegression
MIF_mif_mif_score,0.28,0.18,0.33,-0.05,0.17,0.09,0.42,0.7,0.67,0.54,0.23,0.32,0.4,-0.01,-0.08,0.49,0.5,0.23,0.3,0.6,-0.12,-0.16,0.02,0.41,0.44,0.44,-0.24,0.25,0.1,0.33,0.3,0.35,0.31,0.68,0.51,0.51,0.27,0.41,0.16,-0.06,-0.13,-0.2,0.39,0.17,-0.35,,,,-0.01,0.22,0.28,0.38,0.3,0.61,0.14,,,0.52,0.55,0.62,0.67,0.58,0.6,0.17,0.67,0.8,0.38,-0.03,0.16,0.43,0.55,0.68,0.28,0.2,-0.13,0.38,0.52,0.49,0.3,0.52,0.35,0.24,0.06,0.04,0.51,0.72,0.45,0.47,0.47,0.38,0.56,0.72,0.51,0.19,-0.0,0.4,0.37,0.06,-0.01,0.21,0.1,0.14,0.18,0.63,0.36,0.18,0.3,0.75,0.32,0.55,0.57,0.53,0.62,0.63,,,,,,,0.09,0.1,0.15,0.31,0.29,0.5,0.34,0.15,0.17,0.25,0.41,0.37,0.2,0.02,-0.58,-0.33,-0.2,0.15,0.17,0.12,-0.04,0.3,0.72,1.0,-0.23,-0.11,-0.32,0.46,0.6,0.77,0.18,0.03,0.41,0.05,0.14,0.8,0.16,0.25,0.24,0.27,0.25,0.05,0.36,0.21,0.36,0.09,-0.08,-0.06,-0.19,-0.03,-0.14,0.34,0.64,0.75,-0.14,0.14,0.24,0.51,0.7,1.0,0.49,0.81,0.79,0.08,-0.18,-0.09,-0.05,-0.12,,0.34,0.65,0.14,0.56,0.69,0.95,0.42,0.29,0.02,0.45,0.65,0.64,0.34,0.08,0.08,0.37,0.32,0.32,MIF
MSA_Transformer_esm_msa1b_t12_100M_UR50S_seed4,0.37,0.31,0.45,-0.23,-0.15,-0.27,0.03,-0.01,0.46,0.26,0.17,0.15,0.35,0.6,0.45,0.62,0.41,0.27,0.32,0.65,0.71,0.18,0.06,-0.13,0.13,0.29,-0.42,0.3,0.1,0.03,0.63,0.4,0.29,0.52,0.5,0.5,0.59,0.58,0.06,0.28,0.16,0.01,0.19,0.45,0.74,,,,0.41,0.56,0.53,0.38,0.22,0.38,0.23,,,0.66,0.31,-0.37,0.42,0.35,0.35,0.01,0.23,0.38,0.49,0.01,0.04,0.23,0.33,0.61,0.24,-0.01,0.53,0.49,0.64,0.19,0.35,0.1,-0.04,0.12,0.05,0.03,0.45,0.54,0.39,0.2,0.21,-0.48,0.61,0.77,0.62,-0.03,-0.16,0.3,0.65,0.09,0.02,0.71,0.48,0.42,0.29,0.71,0.61,0.37,0.72,0.66,0.48,0.34,0.4,0.3,0.47,0.29,,,,,,,0.31,0.4,0.31,0.17,0.67,0.5,0.24,0.09,0.06,0.61,0.7,0.47,-0.29,-0.23,-0.68,-0.3,-0.3,-0.74,-0.03,-0.29,-0.6,0.56,0.69,1.0,-0.3,0.06,-0.71,0.61,0.5,0.61,-0.25,0.12,0.19,0.07,0.27,0.8,-0.09,0.03,0.07,0.17,0.32,0.15,-0.16,-0.05,-0.11,0.18,0.06,0.07,-0.29,0.07,-0.14,0.48,0.56,0.6,0.07,0.12,0.52,0.45,0.82,0.8,0.57,0.83,0.73,-0.2,0.04,0.01,-0.04,-0.03,,0.18,0.51,-0.14,0.46,0.69,0.58,-0.05,-0.23,-0.22,0.17,0.64,0.62,0.02,-0.2,-0.2,0.15,0.14,0.21,MSA
MULAN_MULAN_small_MULAN_score,0.39,0.23,0.31,0.03,0.22,-0.03,0.39,0.42,-0.18,0.43,0.41,0.63,0.04,0.18,-0.01,0.55,0.5,0.46,0.44,0.67,0.18,-0.09,-0.13,0.19,0.46,0.3,0.21,0.05,0.13,0.19,0.18,0.16,0.1,0.68,0.55,0.51,0.35,0.42,0.15,-0.08,-0.25,-0.47,0.6,0.37,0.52,,,,-0.1,0.48,0.48,0.32,0.34,0.23,0.22,,,0.39,0.12,-0.04,0.55,0.45,0.47,0.28,0.56,0.64,0.4,0.01,-0.0,0.41,0.21,0.31,-0.14,0.1,0.14,-0.06,0.16,0.3,0.26,-0.29,-0.41,0.0,-0.0,-0.01,0.6,0.59,0.38,0.26,0.27,-0.19,0.61,0.69,0.49,0.13,-0.08,0.4,0.54,0.1,0.06,0.16,0.13,0.16,0.23,0.62,0.32,0.32,0.49,0.68,0.32,0.3,0.39,0.29,-0.45,-0.54,,,,,,,0.04,0.15,0.09,0.19,0.81,0.5,0.29,0.1,0.07,0.5,0.52,0.31,0.28,0.03,-0.75,-0.22,-0.39,-0.67,-0.26,-0.14,-0.33,0.47,0.54,1.0,-0.13,-0.29,-0.82,0.73,0.88,0.89,0.43,0.01,0.13,-0.01,0.21,0.8,0.29,0.15,0.05,0.23,0.23,0.29,0.33,0.07,0.09,0.15,0.02,0.02,-0.1,0.23,-0.2,0.08,0.29,0.38,0.03,0.17,0.05,0.56,0.77,0.8,0.24,0.19,-0.17,0.33,-0.08,0.23,0.03,-0.12,,0.27,0.23,-0.13,0.54,0.73,0.75,0.32,0.36,0.33,0.28,-0.09,-0.33,0.4,0.07,0.04,0.06,0.23,0.18,MULAN
PoET_PoET_score,0.4,0.14,0.36,-0.17,-0.05,-0.29,-0.07,0.0,0.67,0.34,0.29,0.42,0.57,0.39,0.13,0.61,0.48,0.25,0.35,0.67,0.67,0.38,0.28,0.0,0.22,0.28,-0.48,0.35,0.05,0.06,0.68,0.47,0.26,0.73,0.59,0.58,0.52,0.59,0.21,0.37,0.39,-0.1,0.32,0.44,0.67,,,,0.42,0.51,0.48,0.35,0.09,-0.04,0.15,,,0.71,0.42,-0.19,0.61,0.49,0.5,0.02,0.23,0.34,0.54,-0.04,0.28,0.04,-0.17,0.18,0.24,-0.05,0.43,0.39,0.69,0.51,0.44,0.29,0.05,0.2,0.02,-0.03,0.46,0.52,0.31,0.27,0.25,0.12,0.62,0.73,0.6,-0.07,-0.2,0.4,0.69,0.12,0.07,0.7,0.56,0.53,0.41,0.91,0.89,0.26,0.53,0.69,0.37,0.3,0.25,0.41,0.35,0.18,,,,,,,0.34,0.36,0.19,0.35,0.83,0.5,0.27,0.08,0.01,0.67,0.76,0.56,0.01,-0.11,-0.78,-0.25,-0.35,-0.68,0.48,0.0,-0.41,0.48,0.62,1.0,-0.34,-0.13,-0.68,0.5,0.75,0.92,0.42,0.33,0.09,0.26,0.32,0.8,-0.04,-0.13,-0.1,0.04,0.22,0.06,0.36,0.08,0.07,0.11,-0.02,0.01,0.03,0.1,-0.21,0.55,0.63,0.65,0.38,-0.07,0.06,0.27,0.75,0.8,0.57,0.79,0.73,0.09,-0.12,0.04,-0.05,0.02,,0.22,0.48,-0.14,0.42,0.64,0.67,0.09,0.07,-0.07,0.05,0.54,0.69,0.42,0.04,-0.0,0.21,0.36,0.41,PoET
ProSST_ProSST-1024_ProSST-1024,0.31,0.2,0.42,0.35,0.45,0.13,0.13,0.46,0.64,0.27,0.17,0.41,0.56,0.24,0.14,0.66,0.6,0.4,0.7,0.78,0.04,0.3,0.28,0.07,0.38,0.42,-0.01,0.34,0.24,0.19,0.59,0.35,0.23,0.67,0.52,0.48,0.59,0.6,0.08,0.39,0.44,0.22,0.46,0.41,0.41,,,,0.37,0.16,0.17,0.46,-0.04,0.16,0.23,,,0.7,0.35,-0.19,0.69,0.56,0.57,0.02,0.26,0.61,0.47,0.19,0.09,0.51,0.73,0.82,0.49,0.25,0.1,0.5,0.74,0.69,0.56,0.18,-0.0,0.08,0.21,0.19,0.64,0.56,0.33,0.65,0.67,0.38,0.61,0.76,0.62,0.24,-0.0,0.4,0.72,0.06,0.08,0.41,0.4,0.43,0.47,0.81,0.71,0.46,0.66,0.78,0.75,0.69,0.6,0.65,0.68,0.73,,,,,,,0.41,0.44,0.46,0.14,0.4,1.0,0.37,0.08,0.1,0.68,0.75,0.54,0.58,0.16,-0.52,-0.2,-0.32,-0.16,0.5,0.31,0.18,0.7,0.74,1.0,-0.08,-0.12,-0.86,0.67,0.87,0.81,0.45,-0.06,-0.22,0.33,0.42,0.4,0.44,0.51,0.46,-0.04,-0.15,-0.06,0.78,0.51,0.64,0.34,-0.02,-0.01,0.53,0.55,0.45,0.6,0.56,0.56,0.4,0.27,0.11,0.52,0.71,0.8,0.64,0.82,0.79,0.25,-0.08,0.02,0.33,0.1,,0.27,0.59,0.11,0.41,0.4,0.45,0.75,0.44,0.48,0.55,0.67,0.72,0.57,0.15,0.13,0.55,0.57,0.42,ProSST
Progen2_xlarge_Progen2_score,0.3,0.28,0.41,-0.48,-0.17,-0.4,-0.2,-0.11,0.47,0.37,0.32,0.31,0.4,0.1,0.05,0.52,0.4,0.25,0.46,0.66,0.34,0.23,-0.02,-0.22,0.17,0.18,-0.54,0.26,0.0,0.22,0.35,0.15,0.07,0.48,0.4,0.29,0.6,0.6,0.27,0.09,-0.23,-0.44,0.17,0.47,0.67,,,,0.4,0.46,0.43,0.18,0.14,0.03,0.16,,,0.64,0.28,-0.22,0.44,0.38,0.39,-0.17,-0.16,-0.06,0.54,0.08,-0.09,0.14,-0.01,0.28,-0.24,-0.1,0.18,0.39,0.63,0.47,0.17,0.09,-0.06,0.15,0.13,0.09,0.38,0.44,0.26,0.18,0.2,-0.33,0.35,0.42,0.3,0.01,-0.11,0.4,0.66,0.06,0.03,0.6,0.55,0.57,0.44,0.85,0.93,0.05,0.34,0.36,0.13,0.04,-0.08,0.29,0.32,0.23,,,,,,,0.25,0.26,0.08,0.33,0.55,0.5,0.47,0.17,0.13,0.28,0.29,0.07,-0.15,0.07,-0.47,-0.32,-0.51,-0.64,0.55,0.15,-0.23,0.26,0.46,1.0,-0.52,-0.43,-0.71,0.5,0.73,0.69,0.22,0.2,0.04,0.11,0.26,0.4,-0.52,-0.57,-0.32,0.13,0.34,0.08,0.35,0.16,0.14,-0.03,-0.08,-0.05,0.12,0.03,-0.07,0.5,0.56,0.57,0.38,-0.23,-0.16,0.09,0.66,0.4,0.33,0.66,0.69,0.28,-0.2,0.04,-0.69,-0.29,,0.05,0.4,-0.19,0.3,0.47,0.02,0.12,-0.15,-0.36,-0.03,0.36,0.55,0.15,-0.11,-0.09,0.28,0.25,0.24,Progen2
ProtGPT2_ProtGPT2_score,0.52,0.29,0.5,-0.35,-0.09,-0.1,-0.15,-0.04,0.49,0.07,-0.02,0.39,0.13,0.16,0.0,0.31,0.5,0.61,0.1,0.0,0.24,0.3,0.33,0.2,0.01,0.0,-0.13,0.27,0.26,0.02,0.02,0.01,0.1,0.52,0.45,0.34,0.5,0.54,0.53,-0.14,-0.43,-0.28,0.35,0.54,0.75,,,,0.04,-0.17,-0.17,-0.02,0.03,0.15,0.02,,,0.07,0.03,0.05,0.46,0.44,0.46,0.01,-0.19,-0.22,0.14,-0.0,-0.21,0.11,0.26,0.28,-0.19,0.03,0.03,0.48,0.66,0.62,0.0,-0.17,-0.31,0.26,0.16,-0.12,0.42,0.47,0.31,0.23,0.38,0.5,0.48,0.55,0.24,0.25,0.14,1.0,0.26,-0.03,-0.1,0.29,0.35,0.31,0.19,0.27,0.86,0.03,0.35,0.45,0.16,0.12,0.26,0.29,0.05,-0.33,,,,,,,-0.02,0.06,0.15,0.31,-0.1,1.0,0.17,-0.0,-0.07,0.23,0.22,0.07,-0.03,-0.07,-0.13,-0.12,-0.11,-0.54,-0.34,-0.27,-0.23,0.19,0.5,1.0,-0.02,-0.05,0.36,0.46,0.66,0.56,0.37,0.39,-0.1,0.2,0.31,-0.4,0.06,-0.06,-0.29,-0.17,-0.24,0.07,0.11,0.13,0.09,-0.08,-0.08,-0.03,-0.27,-0.03,0.0,0.44,0.51,0.51,0.41,0.33,0.04,0.14,0.38,0.4,0.62,0.76,0.51,0.04,-0.12,-0.03,-0.31,0.04,,0.27,0.54,0.25,0.02,-0.19,-0.08,-0.07,-0.26,-0.2,-0.08,0.27,0.48,0.14,0.04,0.04,0.21,0.27,0.21,ProtGPT2
ProtSSN_ProtSSN_k30_h1280,0.35,0.2,0.31,-0.0,0.23,-0.05,0.02,0.17,0.64,0.22,0.18,0.18,0.23,0.57,0.56,0.65,0.57,0.3,0.35,0.61,0.47,0.31,0.33,0.18,0.47,0.17,0.05,0.5,0.25,0.21,0.47,0.29,0.08,0.53,0.51,0.53,0.26,0.27,0.33,0.32,0.63,0.31,0.17,0.37,0.58,,,,0.44,0.58,0.58,0.41,0.33,0.27,0.22,,,0.58,0.03,-0.61,0.62,0.55,0.56,0.18,0.6,0.79,0.43,0.21,-0.05,0.37,0.49,0.66,-0.05,0.01,-0.41,0.54,0.7,0.52,0.5,0.59,0.25,0.21,-0.06,-0.19,0.53,0.63,0.53,0.21,0.28,0.45,0.71,0.73,0.5,0.11,-0.05,0.3,0.73,0.09,0.02,0.58,0.52,0.55,0.32,0.72,0.29,0.39,0.62,0.85,0.64,0.66,0.44,0.44,0.62,0.7,,,,,,,0.22,0.51,0.46,0.24,0.79,0.5,0.22,0.07,0.07,0.48,0.62,0.47,0.16,-0.05,-0.78,-0.25,-0.33,-0.52,0.17,0.06,0.01,0.7,0.61,1.0,0.07,0.2,-0.75,0.63,0.74,0.67,0.32,0.1,-0.01,-0.17,0.32,0.8,0.23,0.28,0.3,0.03,0.06,0.1,0.41,0.17,0.26,0.18,-0.04,-0.02,-0.32,-0.33,-0.65,0.6,0.63,0.67,0.39,0.09,0.06,0.33,0.73,0.8,0.58,0.73,0.63,-0.2,-0.16,0.18,0.25,0.18,,0.18,0.51,-0.05,0.55,0.56,0.95,-0.02,-0.0,-0.23,0.27,0.51,0.62,0.46,0.05,0.04,0.36,0.43,0.38,ProtSSN
ProteinMPNN_pmpnn_ll,0.06,0.04,0.05,0.02,0.3,0.2,0.34,0.62,0.53,0.34,0.28,0.35,0.32,0.18,0.06,0.23,0.15,-0.12,0.24,0.48,0.29,0.25,0.34,0.32,0.45,0.36,-0.17,0.27,-0.09,-0.0,0.39,0.27,0.16,0.29,0.23,0.23,0.34,0.46,-0.06,0.12,0.12,0.01,0.19,0.26,0.45,,,,0.04,0.13,0.19,0.35,0.06,0.34,0.16,,,0.6,0.39,0.06,0.51,0.46,0.46,0.2,0.56,0.68,0.39,0.07,-0.21,0.31,0.09,0.03,-0.01,0.13,-0.09,0.31,0.51,0.6,0.23,0.1,0.06,0.26,0.06,0.12,0.48,0.64,0.36,0.4,0.49,0.38,0.62,0.72,0.31,0.14,-0.05,0.4,0.19,0.03,-0.02,0.4,0.23,0.2,0.18,0.63,0.57,0.4,0.54,0.83,0.42,0.54,0.55,0.52,0.57,0.73,,,,,,,0.18,0.27,0.2,0.52,-0.76,-0.5,0.31,0.14,0.2,0.24,0.34,0.2,0.19,0.1,-0.22,-0.09,-0.1,-0.15,0.49,0.25,-0.16,0.23,0.3,1.0,0.04,-0.01,-0.32,0.32,0.33,0.65,0.23,0.12,0.03,0.43,0.35,1.0,0.14,0.14,0.09,0.17,0.06,0.07,0.15,0.1,0.09,0.09,-0.06,-0.04,0.05,0.14,0.24,0.44,0.61,0.65,0.5,0.35,0.15,0.34,0.57,-0.4,0.62,0.83,0.64,-0.01,-0.1,-0.3,0.01,-0.08,,0.17,0.36,0.02,0.33,0.46,0.23,0.58,0.35,0.1,0.41,0.57,0.59,0.2,0.05,0.01,0.36,0.31,0.31,ProteinMPNN
RITA_xlarge_RITA_score,0.29,0.24,0.35,-0.57,-0.23,-0.43,-0.16,-0.0,0.67,0.21,0.16,0.24,0.28,0.2,0.18,0.58,0.37,-0.0,0.28,0.5,0.16,0.27,0.21,-0.07,0.27,0.28,-0.54,0.07,0.15,0.13,0.08,0.04,-0.0,0.54,0.49,0.47,0.55,0.42,0.35,0.09,-0.13,-0.35,-0.02,0.48,0.57,,,,-0.01,0.17,0.23,0.09,0.03,-0.23,0.16,,,0.1,0.02,0.01,0.44,0.39,0.4,-0.08,0.05,0.18,0.48,-0.06,-0.01,-0.19,-0.13,0.13,-0.1,0.05,0.22,0.24,0.32,0.1,0.21,-0.21,-0.18,0.14,0.03,-0.08,0.38,0.5,0.24,0.28,0.31,-0.14,0.53,0.56,0.42,-0.05,-0.15,0.4,0.69,0.11,0.06,0.7,0.45,0.41,0.31,0.42,0.29,-0.06,0.21,0.34,0.13,0.05,0.03,0.32,0.37,0.34,,,,,,,0.01,0.08,-0.03,0.25,0.5,0.5,0.36,0.06,-0.01,0.4,0.5,0.18,0.28,0.14,0.05,-0.3,-0.15,-0.31,-0.32,-0.42,-0.64,0.23,0.44,1.0,-0.41,-0.35,-0.61,0.55,0.7,0.72,0.45,0.26,0.17,-0.08,0.15,0.8,-0.2,-0.14,-0.06,-0.03,0.07,0.21,0.21,0.1,0.05,-0.02,-0.06,-0.04,-0.35,-0.18,-0.36,0.5,0.55,0.55,0.27,-0.17,-0.11,0.14,0.7,0.4,0.34,0.69,0.75,0.12,-0.34,-0.07,-0.71,-0.21,,0.1,0.42,-0.08,0.35,0.58,0.48,0.15,0.1,-0.08,-0.04,0.3,0.5,0.17,-0.13,-0.13,0.22,0.26,0.21,RITA
SaProt_SaProt_35M_AF2_SaProt_score,0.39,0.23,0.36,0.3,0.37,0.12,0.29,0.31,0.59,0.02,0.02,0.19,0.22,0.07,0.04,0.68,0.5,0.39,0.6,0.78,0.4,0.51,0.3,-0.06,0.6,0.13,-0.36,0.46,0.25,0.07,0.2,0.19,0.12,0.74,0.56,0.56,0.45,0.57,0.13,0.33,0.32,0.0,0.4,0.47,0.63,,,,-0.12,0.07,0.18,0.45,0.17,-0.07,0.24,,,0.45,0.2,0.05,0.6,0.49,0.52,0.08,0.38,0.48,0.22,-0.03,0.09,0.4,0.06,0.27,0.19,0.11,-0.12,0.47,0.61,0.54,0.39,0.17,0.08,0.12,0.1,0.09,0.54,0.61,0.5,0.43,0.42,0.1,0.65,0.77,0.69,0.08,-0.15,0.4,0.62,0.07,0.04,0.77,0.44,0.38,0.39,0.87,0.86,0.29,0.57,0.68,0.67,0.67,0.67,0.67,0.47,0.3,,,,,,,-0.01,0.22,0.21,0.23,0.31,0.5,0.3,0.1,0.09,0.54,0.63,0.35,0.22,0.11,-0.35,-0.35,-0.44,-0.66,0.57,0.32,0.21,0.45,0.55,1.0,-0.14,-0.04,-0.96,0.78,0.86,0.79,0.58,0.25,-0.09,0.4,0.45,0.8,0.19,0.04,0.02,0.13,0.17,0.23,0.37,0.16,0.33,0.11,-0.06,-0.03,-0.04,0.13,-0.16,0.35,0.48,0.6,0.49,0.14,0.16,0.53,0.76,0.8,0.62,0.81,0.83,0.17,-0.09,0.18,0.32,-0.02,,0.13,0.52,-0.14,0.41,0.46,0.53,0.72,0.51,0.31,0.63,0.7,0.77,0.42,0.05,-0.02,0.54,0.42,0.4,SaProt
TranceptEVE_TranceptEVE_M_avg_score,0.39,0.26,0.4,0.14,0.21,0.01,-0.09,0.11,0.71,0.39,0.37,0.38,0.35,0.58,0.49,0.2,0.02,-0.24,0.39,0.78,0.16,0.42,0.48,0.14,0.21,0.32,-0.34,0.28,0.1,0.11,0.62,0.4,0.27,0.69,0.59,0.57,0.51,0.71,0.29,0.37,0.4,0.09,0.1,0.43,0.79,,,,0.36,0.46,0.46,0.33,0.17,-0.06,0.25,,,0.68,0.46,0.0,0.55,0.47,0.48,-0.02,0.18,0.41,0.55,0.03,0.07,0.12,0.27,0.48,0.29,-0.14,-0.16,0.38,0.63,0.58,0.3,0.1,-0.1,0.15,-0.02,-0.1,0.51,0.48,0.32,0.35,0.34,0.0,0.62,0.74,0.63,-0.01,-0.17,0.1,0.69,0.13,0.07,0.43,0.52,0.52,0.41,0.76,0.61,0.24,0.51,0.41,0.29,-0.0,0.16,0.36,0.64,0.68,,,,,,,0.3,0.33,0.14,0.39,0.64,0.5,0.35,0.1,0.07,0.6,0.65,0.42,-0.1,-0.12,-0.75,-0.27,-0.29,-0.32,0.27,-0.38,-0.72,0.53,0.37,-1.0,-0.44,-0.43,-0.68,0.61,0.68,0.86,0.51,0.31,0.07,0.12,0.28,0.8,0.27,0.32,0.33,0.25,0.38,0.2,0.19,0.11,0.02,0.03,0.01,0.03,-0.17,0.2,-0.24,0.55,0.6,0.62,0.45,-0.14,0.02,0.28,0.73,0.8,0.55,0.77,0.72,-0.07,-0.05,0.18,0.16,0.08,,0.31,0.49,-0.12,0.41,0.53,0.53,0.13,-0.06,-0.27,0.27,0.57,0.66,0.41,0.04,0.04,0.29,0.23,0.19,TranceptEVE
Tranception_Tranception_L_avg_score,0.45,0.35,0.5,0.08,0.22,0.01,-0.09,0.06,0.73,0.38,0.33,0.42,0.48,0.47,0.33,0.59,0.42,0.18,0.39,0.74,-0.07,0.24,0.33,0.15,0.37,0.31,-0.34,0.26,0.12,0.15,0.52,0.32,0.19,0.69,0.56,0.51,0.55,0.71,0.32,0.29,0.23,-0.19,0.07,0.34,0.68,,,,0.42,0.52,0.49,0.22,0.26,0.06,0.27,,,0.67,0.32,-0.32,0.43,0.37,0.37,0.02,0.36,0.59,0.62,0.16,0.06,0.18,0.32,0.56,0.12,0.1,-0.19,0.25,0.57,0.5,0.16,-0.04,-0.14,0.18,0.01,-0.11,0.54,0.5,0.32,0.17,0.21,-0.5,0.55,0.7,0.61,-0.03,-0.17,0.3,0.69,0.09,0.03,0.6,0.42,0.4,0.41,0.68,0.64,0.19,0.4,0.39,0.28,0.22,0.36,0.32,0.37,0.49,,,,,,,0.31,0.33,0.14,0.24,0.5,0.5,0.43,0.11,0.08,0.51,0.58,0.33,-0.13,-0.14,-0.8,-0.3,-0.36,-0.08,0.45,-0.23,-0.67,0.34,0.28,-1.0,-0.61,-0.35,-0.71,0.63,0.78,0.88,0.58,0.24,-0.03,0.12,0.28,0.8,-0.29,-0.34,-0.09,0.09,0.23,0.14,0.29,0.14,0.1,0.02,-0.01,0.0,-0.34,-0.12,-0.35,0.5,0.6,0.6,0.44,-0.14,-0.0,0.29,0.71,0.8,0.54,0.74,0.72,-0.02,-0.18,-0.03,-0.14,0.05,,0.03,0.35,-0.25,0.31,0.39,0.42,0.13,0.05,-0.23,0.14,0.43,0.52,0.36,0.02,-0.0,0.31,0.25,0.15,Tranception
UniRep_evotuned_Unirep_score,-0.15,-0.22,-0.32,0.4,0.02,0.23,0.19,0.14,-0.13,-0.41,-0.34,-0.23,-0.43,-0.23,-0.36,-0.41,-0.28,-0.14,-0.4,-0.64,-0.43,-0.39,-0.2,0.22,-0.04,0.02,0.26,-0.24,-0.1,-0.22,-0.46,-0.24,-0.14,-0.63,-0.52,-0.45,-0.52,-0.58,-0.35,-0.22,-0.17,-0.07,-0.1,-0.57,-0.72,,,,-0.31,-0.32,-0.29,-0.26,0.15,0.16,-0.21,,,-0.63,-0.27,0.15,-0.44,-0.37,-0.38,0.09,-0.01,-0.11,-0.27,-0.06,-0.01,0.18,0.24,0.06,-0.04,-0.01,-0.14,-0.51,-0.73,-0.4,-0.16,-0.17,-0.04,-0.1,-0.19,-0.23,-0.49,-0.55,-0.22,-0.25,-0.29,0.07,-0.15,-0.14,-0.19,0.01,0.09,-0.3,-0.57,-0.03,-0.08,-0.54,-0.38,-0.37,-0.34,-0.36,0.25,-0.08,-0.33,-0.34,-0.29,-0.32,-0.39,-0.04,0.11,-0.2,,,,,,,-0.29,-0.19,-0.05,-0.27,-0.64,-1.0,-0.2,-0.01,0.08,-0.28,-0.41,-0.13,0.08,0.21,0.78,0.15,0.46,0.61,0.25,0.16,0.45,-0.14,-0.32,1.0,0.23,-0.07,0.46,-0.43,-0.66,-0.65,-0.07,-0.29,-0.26,-0.06,-0.3,-0.4,0.3,0.55,0.51,-0.24,-0.3,-0.05,-0.02,0.05,0.03,0.05,0.07,0.07,0.24,0.2,-0.09,-0.41,-0.43,-0.27,-0.38,0.15,0.16,-0.19,-0.76,-0.4,0.2,-0.22,-0.51,0.12,0.15,-0.39,0.16,0.11,,-0.12,-0.39,0.14,-0.4,-0.39,-0.67,-0.11,0.18,0.42,-0.03,-0.26,-0.4,-0.28,-0.01,0.03,0.03,0.08,0.03,UniRep
VESPA_VESPA,0.23,0.26,0.36,-0.2,-0.23,-0.35,-0.2,-0.04,0.72,0.46,0.48,0.42,0.18,0.62,0.57,0.59,0.5,0.29,0.35,0.63,0.15,0.34,0.28,0.1,-0.03,0.15,-0.58,0.33,0.07,0.18,0.56,0.31,0.1,0.66,0.54,0.49,0.31,0.5,0.17,0.25,0.2,-0.1,0.08,0.34,0.78,,,,0.45,0.67,0.61,-0.11,0.12,-0.04,0.25,,,0.6,0.08,-0.58,0.42,0.3,0.32,-0.04,0.24,0.42,0.4,0.23,0.01,0.15,0.3,0.62,0.27,-0.22,0.29,0.29,0.59,0.43,0.07,0.27,0.11,0.07,-0.12,-0.07,0.48,0.69,0.56,0.04,0.12,-0.29,0.49,0.48,0.27,0.02,-0.13,0.4,0.71,0.1,0.11,0.57,0.55,0.6,0.26,0.83,0.68,-0.25,0.08,0.25,0.4,0.36,0.46,0.19,0.62,0.61,,,,,,,0.29,0.42,0.42,0.03,0.6,0.5,0.16,0.01,-0.07,0.49,0.59,0.37,-0.05,-0.16,-0.73,-0.29,-0.3,-0.57,0.12,-0.35,-0.75,0.14,0.39,-1.0,-0.6,-0.4,-0.68,0.6,0.76,0.71,-0.38,0.22,0.44,-0.06,0.31,0.4,0.12,0.24,0.18,-0.19,-0.14,-0.1,0.48,0.26,0.32,0.15,-0.08,-0.05,-0.24,-0.27,-0.32,0.47,0.53,0.58,0.37,-0.01,0.18,-0.04,0.63,1.0,0.48,0.72,0.66,-0.32,-0.27,-0.1,-0.49,-0.11,,0.24,0.59,0.0,0.42,0.64,0.88,0.3,-0.14,-0.4,0.32,0.66,0.67,0.43,-0.03,0.01,0.17,0.0,0.13,VESPA
VespaG_VespaG,0.47,0.26,0.48,-0.13,0.05,-0.01,-0.1,0.05,0.54,0.52,0.42,0.37,0.21,0.58,0.46,0.66,0.57,0.36,0.45,0.77,0.54,0.27,0.1,-0.02,0.19,0.26,-0.45,0.33,0.02,0.15,0.59,0.29,0.09,0.71,0.59,0.56,0.45,0.64,0.6,0.27,0.3,0.08,0.47,0.52,0.51,,,,0.42,0.56,0.54,0.29,0.3,0.1,0.25,,,0.62,0.1,-0.57,0.58,0.46,0.48,-0.19,0.15,0.29,0.56,0.07,0.18,0.2,0.4,0.65,0.13,0.09,0.05,0.33,0.66,0.43,0.25,0.3,0.05,0.22,0.09,-0.15,0.5,0.51,0.36,0.25,0.27,0.19,0.46,0.66,0.48,-0.06,-0.22,0.2,0.67,0.05,0.05,0.59,0.59,0.63,0.3,0.69,0.71,0.24,0.63,0.88,0.37,0.29,0.47,0.27,0.6,0.67,,,,,,,0.29,0.42,0.42,0.11,0.36,0.5,0.28,0.05,-0.0,0.61,0.7,0.5,0.06,0.03,-0.38,-0.18,-0.34,-0.66,0.01,-0.19,-0.37,0.41,0.65,1.0,-0.35,-0.09,-0.25,0.53,0.65,0.8,-0.18,0.04,0.12,-0.08,0.14,0.4,-0.01,0.0,0.09,-0.13,-0.14,0.02,0.33,0.2,0.27,0.22,-0.08,-0.06,0.04,0.24,-0.06,0.55,0.65,0.67,0.32,0.37,0.43,0.28,0.72,0.8,0.48,0.77,0.74,-0.18,0.1,0.48,-0.12,0.18,,0.21,0.51,-0.18,0.37,0.48,0.57,0.11,0.02,-0.13,0.37,0.72,0.7,0.36,-0.05,-0.02,0.2,0.24,0.42,VespaG
Wavenet_Wavenet_prediction,-0.24,-0.26,-0.28,0.55,0.19,0.21,0.14,0.04,-0.71,-0.25,-0.24,-0.13,-0.26,-0.55,-0.51,0.13,0.06,0.34,-0.35,-0.55,-0.64,-0.31,-0.2,-0.06,0.02,-0.08,0.68,0.04,0.12,-0.01,-0.42,-0.2,-0.04,-0.66,-0.54,-0.49,-0.54,-0.51,-0.11,-0.36,-0.42,-0.01,-0.15,-0.48,-0.78,,,,-0.38,-0.41,-0.41,-0.32,-0.22,-0.17,-0.18,,,-0.59,-0.15,0.54,-0.53,-0.47,-0.47,0.0,0.04,-0.13,-0.45,-0.04,0.01,-0.07,-0.11,-0.33,-0.24,0.08,-0.38,-0.39,-0.66,-0.51,-0.15,-0.08,0.13,-0.07,-0.08,0.05,-0.35,-0.46,-0.27,-0.23,-0.28,-0.12,-0.52,-0.68,-0.58,-0.01,0.15,-0.3,-0.54,-0.06,0.04,-0.65,-0.26,-0.2,-0.43,-0.92,-1.0,-0.28,-0.51,-0.66,-0.43,-0.31,-0.29,-0.15,-0.03,0.15,,,,,,,-0.22,-0.5,-0.52,-0.37,-0.55,-0.5,-0.3,-0.06,-0.02,-0.66,-0.72,-0.46,0.06,0.17,0.87,0.28,0.25,0.11,-0.43,0.02,0.41,-0.26,-0.51,1.0,0.22,-0.01,0.25,-0.49,-0.54,-0.59,-0.39,-0.3,-0.12,-0.02,-0.33,-0.8,0.05,-0.03,-0.11,-0.06,-0.14,0.15,-0.28,-0.08,-0.04,-0.08,0.06,0.05,-0.09,-0.14,-0.18,-0.55,-0.62,-0.7,-0.48,-0.07,-0.03,-0.21,-0.73,-0.8,-0.47,-0.73,-0.86,0.12,0.09,0.08,0.1,-0.03,,-0.18,-0.54,0.09,-0.42,-0.64,-0.92,-0.08,0.14,0.34,-0.09,-0.48,-0.69,-0.19,0.08,0.09,-0.02,-0.03,0.01,Wavenet
