mutant,DMS_score,predicted,cluster
A150V:L231S,26622.97803274258,22919.686159933684,right
A150V:M179T,28588.04211197385,24359.088127683615,right
A150V:R157S,36751.35159683505,42650.722764619626,right
A150V:R181C,21516.71055068239,16257.970732015441,right
A180V:D230G,590.0,32122.950879684533,left
A180V:Y199F,590.0,32922.53043207794,left
A183S:Y199N,17953.71009089475,19250.39545603993,right
A183T:L189H,20409.45323009098,20569.094266223838,right
A228S:E232G,6420.635943996942,34291.53345173539,left
A228V:D230E,4574.572685451207,30544.83384823054,left
A47T:E232G,2450.6134288048934,32811.844417759916,left
A47T:P155A,590.0,28392.732319944887,left
A47V:A150V,24498.846366708724,27073.41780544177,right
A61S:H177Y,33446.40924336748,39785.631707275636,right
A61T:P197S,590.0,26528.00062977674,left
A61T:Y166C,653.2559166264929,24454.049951822497,left
A75T:E193D,32740.567974802027,37217.713677956606,right
A82E:M162L,34782.215411696816,40469.01091677882,right
A82V:N103D,36972.87001035491,41731.27588306123,right
A8V:K110R,35490.93619005072,40212.30015991267,right
C51S:W205R,1919.0895467849184,26516.530875665252,left
C73S:L154V,590.0,26039.461785053718,left
C73S:N103Y,2146.38978110451,28754.05648584233,left
D156G:L198P,24586.9383741224,16538.514988274314,right
D156G:M162I,22924.92873022832,14005.358911732095,right
D195G:W205R,795.1344233868743,26033.156380216707,left
D39V:R123C,590.0,23824.979194138432,left
D55A:K158M,33430.509297167766,39845.08497871959,right
D55N:F170L,32490.63361269027,38269.34992778802,right
D83N:Q106L,4752.849361925906,30762.221863510087,left
D91E:H200R,16114.102415460446,9739.291921139113,right
D91E:M162L,35454.652919049244,42003.778056461364,right
D91G:K132R,36458.31847874777,39510.29077469453,right
D91Y:K168M,39762.17942323938,47607.10817295464,right
D96G:G128C,592.1775130734217,22403.121119539603,left
D96V:V223A,6772.733895844353,32987.267586507136,left
D96Y:V229L,1138.2060075540046,31490.38751377666,left
E116G:L154F,3740.345123583654,31892.9565454619,left
E12G:D55N,33966.6384055285,39747.624014886445,right
E12G:K13E,35771.440660365755,39662.69296092668,right
E12K:N117D,34080.24405279299,39630.726346800686,right
E14G:K227N,5733.500281635854,32599.859828733723,left
E194G:T221A,36389.55780074805,40430.61334576516,right
E194K:I226F,1817.0484011610224,27146.29546528391,left
E20D:H80L,3112.678905123565,29316.026290926966,left
E20G:L198P,21992.642967255808,21657.835060295416,right
E20G:V71A,16406.799392251713,11481.27236286737,right
E22G:D211G,1952.0313900649296,26282.524042604375,left
E22G:E116G,663.4009203127147,28511.15211107931,left
E35Q:T62S,32446.208938754447,38454.78148475371,right
E35V:P57T,31232.8586997069,36399.579089086736,right
E6K:R157L,35223.65225917323,40930.69278441684,right
F101L:K163R,16421.09726801913,14565.157466356526,right
F101L:L198Q,16189.344922358476,13545.076378063648,right
F101Y:I153F,1307.2264144381136,27521.898108792375,left
F11L:L198P,29569.105091249043,33038.87343068421,right
F11S:L198P,18084.019433903824,15339.954761111643,right
F11Y:M162L,25179.382654744968,22706.841206886806,right
F208S:L231M,913.8628228974986,28119.81783061626,left
F30I:A61T,3655.892083032063,28261.519949694746,left
F30I:E165Q,4457.29735678461,29666.996376052964,left
F72L:E165D,1952.6797642296824,36015.05697712465,left
F72L:E165V,5268.171706545624,35825.00170905073,left
F72L:G175C,590.0,31429.567385677597,left
F72L:H219N,1664.7634898335195,34158.12677515007,left
F72L:I226T,17181.702193566478,11480.65156782826,right
F72L:I99V,34957.415812578496,35332.08092813962,right
F72L:K210I,2573.741963276268,33709.44335031358,left
F72L:K227N,590.0,32832.64111093234,left
F72L:L154M,2169.9438058966616,36083.40723241668,left
F72L:M140V,590.0,29893.20810174779,left
F72L:P147L,2711.3765983119547,32307.66505687998,left
F72L:P147S,600.5973542964895,33563.070068650995,left
F72L:R181H,590.0,32156.087496294524,left
F72L:V113L,590.0,24207.559654163313,left
F72L:V223D,4228.178254639672,32142.84638451389,left
F72L:Y199F,590.0,33764.25263197441,left
F74I:M162L,15143.759977882097,14890.928893916891,right
F74Y:A150V,28511.17935875157,31437.80275076523,right
F74Y:A169V,31119.095051795543,33995.55184441421,right
G118S:K168M,35050.34770186021,42707.620102032204,right
G128S:L198P,24966.924153979908,24340.749562023324,right
G128V:I164V,15901.90686843496,17817.839843297494,right
G128V:K163R,19219.52769462511,18256.858090114896,right
G135C:H149R,26918.517622359814,-5625.386290942901,right
G135S:A169V,33824.36107913314,40162.78295897669,right
G139E:Y152F,860.8829564835784,26099.004693310824,left
G161D:K168M,28133.91029209781,17318.609882567078,right
G175A:A180V,1405.8440485998572,28640.926891489537,left
G176C:K227R,32820.51224719522,37444.31868983188,right
G176D:H182R,11973.29446424729,10710.04179546272,right
G176S:E193D,34916.129379005186,39634.363562396145,right
G190C:L198P,33141.34392875636,35239.17505170894,right
G27D:H200R,20960.691666282888,8118.342283887789,right
G34C:G54S,27715.735432540765,365.458765015821,right
G34S:L198P,24769.60003806163,28827.962694296497,right
G54C:F170Y,1217.644264938344,26239.572551910183,left
G54C:L220I,1948.6866032471216,27291.24935096258,left
G7D:L198P,34362.23198824,39460.06345870858,right
G7V:G175C,1930.01938793158,31509.61209387076,left
H177Y:L220H,15671.517416678676,16561.537672583945,right
H219R:K227R,28999.03169604187,29250.09075379616,right
H80L:G160D,590.0,25590.60586323752,left
H80L:S94G,590.0,27915.577201500186,left
H80R:K210I,7168.841826382536,34262.967534953495,left
I153F:P197L,23685.85691547705,-505.3735583788948,right
I153V:W192C,21635.250509009908,20723.472126500565,right
I15T:D171G,34984.27146224417,40819.42528508697,right
I15V:F72L,33802.03574517949,37492.29821625387,right
I18N:I45L,3517.316706723847,28927.892370807822,left
I226F:T233A,905.0331948568491,26088.769451548345,left
I31N:S133P,35511.4800372771,42156.08284849976,right
I31T:F185Y,34116.86062746499,40643.87555873173,right
I32V:A169V,40086.91476680549,46702.28011828067,right
I45T:D230G,1227.8505479970663,24266.426878304803,left
I50N:H80L,600.3143050400867,25674.52887316642,left
I50S:I153F,1119.8586452590212,28701.323607157683,left
I50V:I98T,36016.14262821396,41761.07813942607,right
I63F:L64M,590.0,24035.005848520435,left
I63F:V126M,2329.6075300383286,27928.652077076258,left
I63V:L154M,36644.83074308707,39250.50432800304,right
I81F:T217A,6167.681771174499,33494.50126463978,left
I81S:K163R,24422.57906922468,26650.383115647477,right
I81T:R181H,679.9327542709984,26687.810939799878,left
I98T:H177Y,35892.29299435458,43015.038932627416,right
I98V:Q178L,34762.662792985386,40848.048192052986,right
I99T:A183D,2218.2099096252864,26818.253777481033,left
K110R:A191T,35471.1941105337,40289.9651640316,right
K112Q:K227R,33465.312421358096,39489.97152259934,right
K112R:K163R,37142.05664603591,44009.71766439651,right
K112R:T114S,34702.6816521504,40473.63940036984,right
K127R:M173L,37300.03421930368,43209.08134536329,right
K132R:M173V,38091.08532192237,42114.48118511832,right
K158E:K168M,37260.53780166994,45103.40801644616,right
K158N:L198P,37468.57829891908,44079.37497869425,right
K158R:K163R,37633.87343229242,44186.55439450615,right
K163E:N167D,590.0,24020.866257072776,left
K163M:A191T,33945.786507597964,40424.74408309802,right
K163R:W192R,20046.01484486816,16034.260611489415,right
K168M:L220H,24360.92919351554,20799.43458894,right
K187N:H201N,645.752389085178,23189.319176905905,left
K29E:E116G,2326.11200472868,31579.55144810141,left
K29R:K163R,36522.86989393897,43304.89549455792,right
K29R:N117S,35286.88235834607,41111.793535511126,right
K33N:K168M,38579.41459962495,45330.32574931311,right
K33R:G161C,31272.22978546157,35854.18119618122,right
K46E:A180V,6306.949740194358,33068.91845252528,left
K46E:R123C,590.0,27238.992872236762,left
K46R:G128S,19474.93783613293,21519.699638076825,right
K48M:K168M,26012.20484746772,24113.919076510007,right
K48N:A169V,27767.04240396469,31024.016328367987,right
K48N:E194V,1362.048366686078,26788.34206532908,left
K48R:D102V,590.0,29894.542508671875,left
K48R:F72Y,4132.172602583078,30400.436598798493,left
K76E:D96V,1034.680268716413,32122.38315511949,left
K76E:L198P,34806.29779138533,39109.714589199866,right
L10P:Q89H,589.9999999999999,30192.38874780445,left
L120I:T221M,36942.91403429671,43265.470372837386,right
L120Q:M140K,18240.441450375416,17734.49502688565,right
L120Q:M162V,17981.682681250928,18955.713560751057,right
L138Q:H177R,962.98305143396,28669.404598924215,left
L138Q:L154M,4053.027756896648,29337.223466435098,left
L138Q:P148T,590.0,23808.277599600726,left
L154M:A180V,2999.3558611295093,35241.68503252033,left
L220F:E232G,2220.19631827236,33404.77417047357,left
L220I:L231M,959.8330827543964,31519.244808271178,left
L231M:R235C,5434.095809125924,30828.892729312298,left
L64M:F72L,606.0248650365619,34216.32512810419,left
L67P:V204A,18811.45820845133,-14587.773364972905,right
M140I:E232K,3207.353744811321,33095.99011172727,left
M140T:E232G,6257.566942242588,35945.289598499076,left
M140V:A180V,613.7057603275739,29051.485901851323,left
M140V:T233K,1511.8773210826428,30103.960919284495,left
M162I:D218V,24532.326757361367,28086.66129656823,right
M162L:D215G,36498.16538788079,43006.69537621515,right
M162L:G209C,33147.81923171083,39567.62243215367,right
M162T:V223D,814.2706321591237,30038.0177834708,left
N103D:D171G,36851.84481704449,43562.05515225674,right
N117D:D215N,35595.54601752101,42562.75731995958,right
N136D:Q178K,22869.19359866314,9980.038060698309,right
N136I:D230G,3014.8352481120405,32655.538389350637,left
N136I:Y199F,2790.1940704921294,33455.11794174381,left
N136K:P147T,1124.4204786967546,24461.475862614927,left
N136Y:A150V,34050.35960883111,40357.48841102293,right
N167I:F185S,33649.674716539026,39870.366218719864,right
N167I:Y199H,21345.437517919967,16659.407425061683,right
N167S:H219R,1276.520943585976,26417.743770844652,left
N167Y:T206N,590.0,29108.872631529463,left
P148S:Y166C,651.4712018469369,22899.699026603368,left
P148T:D195Y,874.4042206813081,30719.942022705334,left
P148T:H219Q,590.0,24413.22518521198,left
P155H:M162V,18087.52473971954,17081.815951592638,right
P16H:N167Y,2523.815884882723,29694.00860422617,left
P16S:V172A,2019.025633246477,30067.60700077645,left
P57T:L220I,5485.518043961112,33618.731340689,left
P59S:V229A,590.0,23027.62652959826,left
Q106H:T119I,34253.75536073881,40268.697911794065,right
Q106K:L198Q,35071.17009530746,41926.78105658549,right
Q178L:A180T,1197.6892376748858,27576.177126512746,left
Q178L:A180V,7546.920267011956,36005.928907099995,left
Q89H:K168M,38159.88384227201,41951.453592213686,right
Q89H:L138Q,664.8998420044855,25371.898065575282,left
Q89H:V223A,1379.4447712747335,31263.595971094677,left
Q89L:A150V,34477.87360946676,40357.503569567576,right
Q89L:V126L,34514.70739961261,41337.38765159028,right
R123H:V172A,590.0,27206.608801462804,left
R141H:D218G,590.0,23889.9405523421,left
R141H:H182Q,948.6268597282124,28044.015470352722,left
R79P:N103D,35728.23477251303,42071.66980999871,right
S100L:H177P,1968.903161881117,31037.560363466153,left
S100T:G128S,20322.984692222268,22080.08697729872,right
S100T:K163M,36126.057328300594,42116.086747227586,right
S133P:P212T,35021.22260905659,40508.591101261554,right
S146T:A180V,590.0,36388.141174315126,left
S66P:A150V,18950.46077030281,21721.83577585593,right
S66T:R235L,1124.7633908604516,32056.335014435812,left
S66T:W205R,590.0,26142.061167412554,left
S68T:F170Y,2707.0569485904657,35435.26885692857,left
S68T:N136I,1724.727643449815,35237.32002426323,left
S68T:N186S,695.0500362980368,31803.01578662207,left
S68T:T233M,6824.13082782291,36441.492929499014,left
S68T:V229A,590.0,28054.711363276467,left
S87T:A150T,34439.48497562898,41101.73454857734,right
S87Y:E116K,967.686118228036,26558.390595724224,left
S87Y:F185Y,3223.0323896515497,28877.253680789494,left
S94C:I222V,33251.42948702675,38961.08826633857,right
S94G:D211G,590.0,27667.806352295098,left
T125A:M173T,35422.24210546989,42102.88790843671,right
T125S:R157S,35041.379897912695,41007.7589557193,right
T19A:L198P,37471.112410647416,44457.89451445511,right
T19A:V172A,1257.4911384578452,33659.241133790114,left
T37A:M140I,4143.05161451304,30777.00756883819,left
T41S:Q106H,36050.4304941382,41111.45779573906,right
T44A:A180V,4313.181876347763,32395.05217329564,left
T44A:N159I,6808.65142842975,33635.312863916275,left
T44A:Q89H,1961.1804029181865,31210.157016068813,left
T44I:K227T,1802.4041471721107,36492.56179386075,left
T44S:L231M,3495.6363580620773,30420.880897112307,left
T53I:D195Y,2963.329906971832,30166.19054073561,left
T53I:G130C,3835.682438275128,30503.46251642343,left
T53I:G175C,590.0,27285.578080610023,left
V126L:T203A,23458.32761664713,24451.325013255584,right
V142A:M162L,25538.64730714241,28197.560348581756,right
V142F:H201N,590.0,28117.64561036951,left
V151A:E232G,7242.836495139764,35120.50384038605,left
V172A:T233A,620.0134741956125,32157.257266189903,left
V25I:V58A,23722.55619551089,25846.079716499546,right
V25I:Y115F,35090.287494489065,39895.69672790682,right
V25L:I45T,652.889562867149,25814.75486482703,left
V25L:P59S,2600.402742230025,30887.671758238343,left
V58A:K168M,27067.92530521149,33090.10162313131,right
V58M:R181H,871.0647115194338,27725.11965077126,left
V71A:E165V,3610.0323865816135,32332.824703992344,left
W192C:L198P,29205.106555655973,22757.712220640737,right
W192C:L198Q,22211.870513015936,20771.059087498114,right
W205C:F208S,2562.9116468928005,29032.45584771887,left
Y115H:I226F,1228.991748824188,25511.334237425937,left
Y121S:L231M,1603.8757081340548,25651.0296979493,left
Y144F:E193D,37050.15909527851,44007.32618110941,right
Y17F:E193D,32060.88747830993,37839.41660625173,right
Y17F:K168M,38364.35119633329,43487.04128844058,right
Y17N:L198Q,19537.343743126312,16800.57330691314,right
Y17N:Y107F,15396.182782096696,16139.562222591834,right
Y49C:E232K,630.9825646917365,25456.196306819562,left
Y69S:K163E,24388.343282007525,6842.174897026387,right
Y93F:K168M,34523.401954216155,39580.467368541635,right
